animal_name,hair,feathers,eggs,milk,airborne,aquatic,predator,toothed,backbone,breathes,venomous,fins,legs,tail,domestic,catsize,class_type,name_norm,Class_Number,Number_Of_Animal_Species_In_Class,Class_Type,Animal_Names,animal_name_aux,habitat,diet,conservation_status,conservation,habitats,status,diet_type,is_endangered,diet_complexity
aardvark,1,0,0,1,0,0,1,1,1,1,0,0,4,0,0,1,1,aardvark,,,unknown,unknown,aardvark,savanna,insectivore,least concern,unknown,unknown,unknown,unknown,0,0
antelope,1,0,0,1,0,0,0,1,1,1,0,0,4,1,0,1,1,antelope,,,unknown,unknown,antelope,grasslands,herbivore,unknown,near threatened,unknown,unknown,unknown,0,1
bass,0,0,1,0,0,1,1,1,1,0,0,1,0,1,0,0,4,bass,,,unknown,unknown,bass,freshwater,carnivore,least,unknown,unknown,unknown,unknown,0,3
bear,1,0,0,1,0,0,1,1,1,1,0,0,4,0,0,1,1,bear,,,unknown,unknown,bear,unknown,omnivore,vulnerable,unknown,forest,unknown,unknown,1,2
boar,1,0,0,1,0,0,1,1,1,1,0,0,4,1,0,1,1,boar,,,unknown,unknown,boar,forest,omnivor,unknown,unknown,unknown,least concern,unknown,0,0
buffalo,1,0,0,1,0,0,0,1,1,1,0,0,4,1,0,1,1,buffalo,,,unknown,unknown,buffalo,grasslands,unknown,unknown,endangered,unknown,unknown,herbivore,0,0
calf,1,0,0,1,0,0,0,1,1,1,0,0,4,1,1,1,1,calf,,,unknown,unknown,calf,domestic,herbivore,unknown,unknown,unknown,unknown,unknown,0,1
carp,0,0,1,0,0,1,0,1,1,0,0,1,0,1,1,0,4,carp,,,unknown,unknown,carp,fresh water,omnivore,least concern,unknown,unknown,unknown,unknown,0,2
catfish,0,0,1,0,0,1,1,1,1,0,0,1,0,1,0,0,4,catfish,,,unknown,unknown,catfish,FreshWater,carnivore,unknown,unknown,unknown,unknown,unknown,0,3
cavy,1,0,0,1,0,0,0,1,1,1,0,0,4,0,1,0,1,cavy,,,unknown,unknown,unknown,unknown,unknown,unknown,unknown,unknown,unknown,unknown,0,0
cheetah,1,0,0,1,0,0,1,1,1,1,0,0,4,1,0,1,1,cheetah,,,unknown,unknown,unknown,unknown,unknown,unknown,unknown,unknown,unknown,unknown,0,0
chicken,0,1,1,0,1,0,0,0,1,1,0,0,2,1,1,0,2,chicken,,,unknown,unknown,unknown,unknown,unknown,unknown,unknown,unknown,unknown,unknown,0,0
chub,0,0,1,0,0,1,1,1,1,0,0,1,0,1,0,0,4,chub,,,unknown,unknown,unknown,unknown,unknown,unknown,unknown,unknown,unknown,unknown,0,0
clam,0,0,1,0,0,0,1,0,0,0,0,0,0,0,0,0,7,clam,,,unknown,unknown,clam,marine,filter_feeder,least concern,unknown,unknown,unknown,unknown,0,0
crab,0,0,1,0,0,1,1,0,0,0,0,0,4,0,0,0,7,crab,,,unknown,unknown,crab,marine/coastal,omnivore,unknown,least concern,unknown,unknown,unknown,0,2
crayfish,0,0,1,0,0,1,1,0,0,0,0,0,6,0,0,0,7,crayfish,,,unknown,unknown,unknown,unknown,unknown,unknown,unknown,unknown,unknown,unknown,0,0
crow,0,1,1,0,1,0,1,0,1,1,0,0,2,1,0,0,2,crow,,,unknown,unknown,unknown,unknown,unknown,unknown,unknown,unknown,unknown,unknown,0,0
deer,1,0,0,1,0,0,0,1,1,1,0,0,4,1,0,1,1,deer,,,unknown,unknown,deer,Forest,Herbivore,vulnerable,unknown,unknown,unknown,unknown,1,1
dogfish,0,0,1,0,0,1,1,1,1,0,0,1,0,1,0,1,4,dogfish,,,unknown,unknown,unknown,unknown,unknown,unknown,unknown,unknown,unknown,unknown,0,0
dolphin,0,0,0,1,0,1,1,1,1,1,0,1,0,1,0,1,1,dolphin,,,unknown,unknown,unknown,unknown,unknown,unknown,unknown,unknown,unknown,unknown,0,0
dove,0,1,1,0,1,0,0,0,1,1,0,0,2,1,1,0,2,dove,,,unknown,unknown,unknown,unknown,unknown,unknown,unknown,unknown,unknown,unknown,0,0
duck,0,1,1,0,1,1,0,0,1,1,0,0,2,1,0,0,2,duck,,,unknown,unknown,unknown,unknown,unknown,unknown,unknown,unknown,unknown,unknown,0,0
elephant,1,0,0,1,0,0,0,1,1,1,0,0,4,1,0,1,1,elephant,,,unknown,unknown,unknown,unknown,unknown,unknown,unknown,unknown,unknown,unknown,0,0
flamingo,0,1,1,0,1,0,0,0,1,1,0,0,2,1,0,1,2,flamingo,,,unknown,unknown,unknown,unknown,unknown,unknown,unknown,unknown,unknown,unknown,0,0
flea,0,0,1,0,0,0,0,0,0,1,0,0,6,0,0,0,6,flea,,,unknown,unknown,unknown,unknown,unknown,unknown,unknown,unknown,unknown,unknown,0,0
frog,0,0,1,0,0,1,1,1,1,1,0,0,4,0,0,0,5,frog,,,unknown,unknown,unknown,unknown,unknown,unknown,unknown,unknown,unknown,unknown,0,0
frog,0,0,1,0,0,1,1,1,1,1,1,0,4,0,0,0,5,frog,,,unknown,unknown,unknown,unknown,unknown,unknown,unknown,unknown,unknown,unknown,0,0
fruitbat,1,0,0,1,1,0,0,1,1,1,0,0,2,1,0,0,1,fruitbat,,,unknown,unknown,unknown,unknown,unknown,unknown,unknown,unknown,unknown,unknown,0,0
giraffe,1,0,0,1,0,0,0,1,1,1,0,0,4,1,0,1,1,giraffe,,,unknown,unknown,unknown,unknown,unknown,unknown,unknown,unknown,unknown,unknown,0,0
girl,1,0,0,1,0,0,1,1,1,1,0,0,2,0,1,1,1,girl,,,unknown,unknown,unknown,unknown,unknown,unknown,unknown,unknown,unknown,unknown,0,0
gnat,0,0,1,0,1,0,0,0,0,1,0,0,6,0,0,0,6,gnat,,,unknown,unknown,unknown,unknown,unknown,unknown,unknown,unknown,unknown,unknown,0,0
goat,1,0,0,1,0,0,0,1,1,1,0,0,4,1,1,1,1,goat,,,unknown,unknown,unknown,unknown,unknown,unknown,unknown,unknown,unknown,unknown,0,0
gorilla,1,0,0,1,0,0,0,1,1,1,0,0,2,0,0,1,1,gorilla,,,unknown,unknown,unknown,unknown,unknown,unknown,unknown,unknown,unknown,unknown,0,0
gull,0,1,1,0,1,1,1,0,1,1,0,0,2,1,0,0,2,gull,,,unknown,unknown,unknown,unknown,unknown,unknown,unknown,unknown,unknown,unknown,0,0
haddock,0,0,1,0,0,1,0,1,1,0,0,1,0,1,0,0,4,haddock,,,unknown,unknown,unknown,unknown,unknown,unknown,unknown,unknown,unknown,unknown,0,0
hamster,1,0,0,1,0,0,0,1,1,1,0,0,4,1,1,0,1,hamster,,,unknown,unknown,unknown,unknown,unknown,unknown,unknown,unknown,unknown,unknown,0,0
hare,1,0,0,1,0,0,0,1,1,1,0,0,4,1,0,0,1,hare,,,unknown,unknown,unknown,unknown,unknown,unknown,unknown,unknown,unknown,unknown,0,0
hawk,0,1,1,0,1,0,1,0,1,1,0,0,2,1,0,0,2,hawk,,,unknown,unknown,unknown,unknown,unknown,unknown,unknown,unknown,unknown,unknown,0,0
herring,0,0,1,0,0,1,1,1,1,0,0,1,0,1,0,0,4,herring,,,unknown,unknown,unknown,unknown,unknown,unknown,unknown,unknown,unknown,unknown,0,0
honeybee,1,0,1,0,1,0,0,0,0,1,1,0,6,0,1,0,6,honeybee,,,unknown,unknown,unknown,unknown,unknown,unknown,unknown,unknown,unknown,unknown,0,0
housefly,1,0,1,0,1,0,0,0,0,1,0,0,6,0,0,0,6,housefly,,,unknown,unknown,unknown,unknown,unknown,unknown,unknown,unknown,unknown,unknown,0,0
kiwi,0,1,1,0,0,0,1,0,1,1,0,0,2,1,0,0,2,kiwi,,,unknown,unknown,unknown,unknown,unknown,unknown,unknown,unknown,unknown,unknown,0,0
ladybird,0,0,1,0,1,0,1,0,0,1,0,0,6,0,0,0,6,ladybird,,,unknown,unknown,unknown,unknown,unknown,unknown,unknown,unknown,unknown,unknown,0,0
lark,0,1,1,0,1,0,0,0,1,1,0,0,2,1,0,0,2,lark,,,unknown,unknown,unknown,unknown,unknown,unknown,unknown,unknown,unknown,unknown,0,0
leopard,1,0,0,1,0,0,1,1,1,1,0,0,4,1,0,1,1,leopard,,,unknown,unknown,unknown,unknown,unknown,unknown,unknown,unknown,unknown,unknown,0,0
lion,1,0,0,1,0,0,1,1,1,1,0,0,4,1,0,1,1,lion,,,unknown,unknown,unknown,unknown,unknown,unknown,unknown,unknown,unknown,unknown,0,0
lobster,0,0,1,0,0,1,1,0,0,0,0,0,6,0,0,0,7,lobster,,,unknown,unknown,unknown,unknown,unknown,unknown,unknown,unknown,unknown,unknown,0,0
lynx,1,0,0,1,0,0,1,1,1,1,0,0,4,1,0,1,1,lynx,,,unknown,unknown,unknown,unknown,unknown,unknown,unknown,unknown,unknown,unknown,0,0
mink,1,0,0,1,0,1,1,1,1,1,0,0,4,1,0,1,1,mink,,,unknown,unknown,unknown,unknown,unknown,unknown,unknown,unknown,unknown,unknown,0,0
mole,1,0,0,1,0,0,1,1,1,1,0,0,4,1,0,0,1,mole,,,unknown,unknown,unknown,unknown,unknown,unknown,unknown,unknown,unknown,unknown,0,0
mongoose,1,0,0,1,0,0,1,1,1,1,0,0,4,1,0,1,1,mongoose,,,unknown,unknown,unknown,unknown,unknown,unknown,unknown,unknown,unknown,unknown,0,0
moth,1,0,1,0,1,0,0,0,0,1,0,0,6,0,0,0,6,moth,,,unknown,unknown,unknown,unknown,unknown,unknown,unknown,unknown,unknown,unknown,0,0
newt,0,0,1,0,0,1,1,1,1,1,0,0,4,1,0,0,5,newt,,,unknown,unknown,unknown,unknown,unknown,unknown,unknown,unknown,unknown,unknown,0,0
octopus,0,0,1,0,0,1,1,0,0,0,0,0,8,0,0,1,7,octopus,,,unknown,unknown,unknown,unknown,unknown,unknown,unknown,unknown,unknown,unknown,0,0
opossum,1,0,0,1,0,0,1,1,1,1,0,0,4,1,0,0,1,opossum,,,unknown,unknown,unknown,unknown,unknown,unknown,unknown,unknown,unknown,unknown,0,0
oryx,1,0,0,1,0,0,0,1,1,1,0,0,4,1,0,1,1,oryx,,,unknown,unknown,unknown,unknown,unknown,unknown,unknown,unknown,unknown,unknown,0,0
ostrich,0,1,1,0,0,0,0,0,1,1,0,0,2,1,0,1,2,ostrich,,,unknown,unknown,unknown,unknown,unknown,unknown,unknown,unknown,unknown,unknown,0,0
parakeet,0,1,1,0,1,0,0,0,1,1,0,0,2,1,1,0,2,parakeet,,,unknown,unknown,unknown,unknown,unknown,unknown,unknown,unknown,unknown,unknown,0,0
penguin,0,1,1,0,0,1,1,0,1,1,0,0,2,1,0,1,2,penguin,,,unknown,unknown,unknown,unknown,unknown,unknown,unknown,unknown,unknown,unknown,0,0
pheasant,0,1,1,0,1,0,0,0,1,1,0,0,2,1,0,0,2,pheasant,,,unknown,unknown,unknown,unknown,unknown,unknown,unknown,unknown,unknown,unknown,0,0
pike,0,0,1,0,0,1,1,1,1,0,0,1,0,1,0,1,4,pike,,,unknown,unknown,unknown,unknown,unknown,unknown,unknown,unknown,unknown,unknown,0,0
piranha,0,0,1,0,0,1,1,1,1,0,0,1,0,1,0,0,4,piranha,,,unknown,unknown,unknown,unknown,unknown,unknown,unknown,unknown,unknown,unknown,0,0
pitviper,0,0,1,0,0,0,1,1,1,1,1,0,0,1,0,0,3,pitviper,,,unknown,unknown,unknown,unknown,unknown,unknown,unknown,unknown,unknown,unknown,0,0
platypus,1,0,1,1,0,1,1,0,1,1,0,0,4,1,0,1,1,platypus,,,unknown,unknown,unknown,unknown,unknown,unknown,unknown,unknown,unknown,unknown,0,0
polecat,1,0,0,1,0,0,1,1,1,1,0,0,4,1,0,1,1,polecat,,,unknown,unknown,unknown,unknown,unknown,unknown,unknown,unknown,unknown,unknown,0,0
pony,1,0,0,1,0,0,0,1,1,1,0,0,4,1,1,1,1,pony,,,unknown,unknown,unknown,unknown,unknown,unknown,unknown,unknown,unknown,unknown,0,0
porpoise,0,0,0,1,0,1,1,1,1,1,0,1,0,1,0,1,1,porpoise,,,unknown,unknown,unknown,unknown,unknown,unknown,unknown,unknown,unknown,unknown,0,0
puma,1,0,0,1,0,0,1,1,1,1,0,0,4,1,0,1,1,puma,,,unknown,unknown,unknown,unknown,unknown,unknown,unknown,unknown,unknown,unknown,0,0
pussycat,1,0,0,1,0,0,1,1,1,1,0,0,4,1,1,1,1,pussycat,,,unknown,unknown,unknown,unknown,unknown,unknown,unknown,unknown,unknown,unknown,0,0
raccoon,1,0,0,1,0,0,1,1,1,1,0,0,4,1,0,1,1,raccoon,,,unknown,unknown,unknown,unknown,unknown,unknown,unknown,unknown,unknown,unknown,0,0
reindeer,1,0,0,1,0,0,0,1,1,1,0,0,4,1,1,1,1,reindeer,,,unknown,unknown,unknown,unknown,unknown,unknown,unknown,unknown,unknown,unknown,0,0
rhea,0,1,1,0,0,0,1,0,1,1,0,0,2,1,0,1,2,rhea,,,unknown,unknown,unknown,unknown,unknown,unknown,unknown,unknown,unknown,unknown,0,0
scorpion,0,0,0,0,0,0,1,0,0,1,1,0,8,1,0,0,7,scorpion,,,unknown,unknown,unknown,unknown,unknown,unknown,unknown,unknown,unknown,unknown,0,0
seahorse,0,0,1,0,0,1,0,1,1,0,0,1,0,1,0,0,4,seahorse,,,unknown,unknown,unknown,unknown,unknown,unknown,unknown,unknown,unknown,unknown,0,0
seal,1,0,0,1,0,1,1,1,1,1,0,1,0,0,0,1,1,seal,,,unknown,unknown,unknown,unknown,unknown,unknown,unknown,unknown,unknown,unknown,0,0
sealion,1,0,0,1,0,1,1,1,1,1,0,1,2,1,0,1,1,sealion,,,unknown,unknown,unknown,unknown,unknown,unknown,unknown,unknown,unknown,unknown,0,0
seasnake,0,0,0,0,0,1,1,1,1,0,1,0,0,1,0,0,3,seasnake,,,unknown,unknown,unknown,unknown,unknown,unknown,unknown,unknown,unknown,unknown,0,0
seawasp,0,0,1,0,0,1,1,0,0,0,1,0,0,0,0,0,7,seawasp,,,unknown,unknown,unknown,unknown,unknown,unknown,unknown,unknown,unknown,unknown,0,0
skimmer,0,1,1,0,1,1,1,0,1,1,0,0,2,1,0,0,2,skimmer,,,unknown,unknown,unknown,unknown,unknown,unknown,unknown,unknown,unknown,unknown,0,0
skua,0,1,1,0,1,1,1,0,1,1,0,0,2,1,0,0,2,skua,,,unknown,unknown,unknown,unknown,unknown,unknown,unknown,unknown,unknown,unknown,0,0
slowworm,0,0,1,0,0,0,1,1,1,1,0,0,0,1,0,0,3,slowworm,,,unknown,unknown,unknown,unknown,unknown,unknown,unknown,unknown,unknown,unknown,0,0
slug,0,0,1,0,0,0,0,0,0,1,0,0,0,0,0,0,7,slug,,,unknown,unknown,unknown,unknown,unknown,unknown,unknown,unknown,unknown,unknown,0,0
sole,0,0,1,0,0,1,0,1,1,0,0,1,0,1,0,0,4,sole,,,unknown,unknown,unknown,unknown,unknown,unknown,unknown,unknown,unknown,unknown,0,0
sparrow,0,1,1,0,1,0,0,0,1,1,0,0,2,1,0,0,2,sparrow,,,unknown,unknown,unknown,unknown,unknown,unknown,unknown,unknown,unknown,unknown,0,0
squirrel,1,0,0,1,0,0,0,1,1,1,0,0,2,1,0,0,1,squirrel,,,unknown,unknown,unknown,unknown,unknown,unknown,unknown,unknown,unknown,unknown,0,0
starfish,0,0,1,0,0,1,1,0,0,0,0,0,5,0,0,0,7,starfish,,,unknown,unknown,unknown,unknown,unknown,unknown,unknown,unknown,unknown,unknown,0,0
stingray,0,0,1,0,0,1,1,1,1,0,1,1,0,1,0,1,4,stingray,,,unknown,unknown,unknown,unknown,unknown,unknown,unknown,unknown,unknown,unknown,0,0
swan,0,1,1,0,1,1,0,0,1,1,0,0,2,1,0,1,2,swan,,,unknown,unknown,unknown,unknown,unknown,unknown,unknown,unknown,unknown,unknown,0,0
termite,0,0,1,0,0,0,0,0,0,1,0,0,6,0,0,0,6,termite,,,unknown,unknown,unknown,unknown,unknown,unknown,unknown,unknown,unknown,unknown,0,0
toad,0,0,1,0,0,1,0,1,1,1,0,0,4,0,0,0,5,toad,,,unknown,unknown,unknown,unknown,unknown,unknown,unknown,unknown,unknown,unknown,0,0
tortoise,0,0,1,0,0,0,0,0,1,1,0,0,4,1,0,1,3,tortoise,,,unknown,unknown,unknown,unknown,unknown,unknown,unknown,unknown,unknown,unknown,0,0
tuatara,0,0,1,0,0,0,1,1,1,1,0,0,4,1,0,0,3,tuatara,,,unknown,unknown,unknown,unknown,unknown,unknown,unknown,unknown,unknown,unknown,0,0
tuna,0,0,1,0,0,1,1,1,1,0,0,1,0,1,0,1,4,tuna,,,unknown,unknown,unknown,unknown,unknown,unknown,unknown,unknown,unknown,unknown,0,0
vampire,1,0,0,1,1,0,0,1,1,1,0,0,2,1,0,0,1,vampire,,,unknown,unknown,unknown,unknown,unknown,unknown,unknown,unknown,unknown,unknown,0,0
vole,1,0,0,1,0,0,0,1,1,1,0,0,4,1,0,0,1,vole,,,unknown,unknown,unknown,unknown,unknown,unknown,unknown,unknown,unknown,unknown,0,0
vulture,0,1,1,0,1,0,1,0,1,1,0,0,2,1,0,1,2,vulture,,,unknown,unknown,unknown,unknown,unknown,unknown,unknown,unknown,unknown,unknown,0,0
wallaby,1,0,0,1,0,0,0,1,1,1,0,0,2,1,0,1,1,wallaby,,,unknown,unknown,unknown,unknown,unknown,unknown,unknown,unknown,unknown,unknown,0,0
wasp,1,0,1,0,1,0,0,0,0,1,1,0,6,0,0,0,6,wasp,,,unknown,unknown,unknown,unknown,unknown,unknown,unknown,unknown,unknown,unknown,0,0
wolf,1,0,0,1,0,0,1,1,1,1,0,0,4,1,0,1,1,wolf,,,unknown,unknown,unknown,unknown,unknown,unknown,unknown,unknown,unknown,unknown,0,0
worm,0,0,1,0,0,0,0,0,0,1,0,0,0,0,0,0,7,worm,,,unknown,unknown,unknown,unknown,unknown,unknown,unknown,unknown,unknown,unknown,0,0
wren,0,1,1,0,1,0,0,0,1,1,0,0,2,1,0,0,2,wren,,,unknown,unknown,unknown,unknown,unknown,unknown,unknown,unknown,unknown,unknown,0,0
